group_name,group_level,strata_name,strata_level,variable,variable_level,variable_type,estimate_type,estimate,cdm_name,generated_by
Cohort name,new_users_hydroxychloroquine,Calendar time,after_fda_retraction,number subjects,NA,NA,count,22836,PHARMETRICS,DrugUtilisation_0.2.1_summariseDrugUse
Cohort name,new_users_hydroxychloroquine,Calendar time,after_fda_retraction,number records,NA,NA,count,22836,PHARMETRICS,DrugUtilisation_0.2.1_summariseDrugUse
Cohort name,new_users_hydroxychloroquine,Calendar time,after_fda_retraction,cumulative_dose,NA,numeric,median,18000,PHARMETRICS,DrugUtilisation_0.2.1_summariseDrugUse
Cohort name,new_users_hydroxychloroquine,Calendar time,after_fda_retraction,cumulative_dose,NA,numeric,q25,4000,PHARMETRICS,DrugUtilisation_0.2.1_summariseDrugUse
Cohort name,new_users_hydroxychloroquine,Calendar time,after_fda_retraction,cumulative_dose,NA,numeric,q75,48000,PHARMETRICS,DrugUtilisation_0.2.1_summariseDrugUse
Cohort name,new_users_hydroxychloroquine,Calendar time,after_fda_retraction,cumulative_dose,NA,numeric,mean,36260.4608061072,PHARMETRICS,DrugUtilisation_0.2.1_summariseDrugUse
Cohort name,new_users_hydroxychloroquine,Calendar time,after_fda_retraction,cumulative_dose,NA,numeric,sd,47429.2570766657,PHARMETRICS,DrugUtilisation_0.2.1_summariseDrugUse
Cohort name,new_users_hydroxychloroquine,Calendar time,after_fda_retraction,duration,NA,numeric,median,60,PHARMETRICS,DrugUtilisation_0.2.1_summariseDrugUse
Cohort name,new_users_hydroxychloroquine,Calendar time,after_fda_retraction,duration,NA,numeric,q25,12,PHARMETRICS,DrugUtilisation_0.2.1_summariseDrugUse
Cohort name,new_users_hydroxychloroquine,Calendar time,after_fda_retraction,duration,NA,numeric,q75,153,PHARMETRICS,DrugUtilisation_0.2.1_summariseDrugUse
Cohort name,new_users_hydroxychloroquine,Calendar time,after_fda_retraction,duration,NA,numeric,mean,108.888227049755,PHARMETRICS,DrugUtilisation_0.2.1_summariseDrugUse
Cohort name,new_users_hydroxychloroquine,Calendar time,after_fda_retraction,duration,NA,numeric,sd,132.867186751298,PHARMETRICS,DrugUtilisation_0.2.1_summariseDrugUse
Cohort name,new_users_hydroxychloroquine,Calendar time,after_fda_retraction,initial_daily_dose,NA,numeric,median,400,PHARMETRICS,DrugUtilisation_0.2.1_summariseDrugUse
Cohort name,new_users_hydroxychloroquine,Calendar time,after_fda_retraction,initial_daily_dose,NA,numeric,q25,228.571428571429,PHARMETRICS,DrugUtilisation_0.2.1_summariseDrugUse
Cohort name,new_users_hydroxychloroquine,Calendar time,after_fda_retraction,initial_daily_dose,NA,numeric,q75,400,PHARMETRICS,DrugUtilisation_0.2.1_summariseDrugUse
Cohort name,new_users_hydroxychloroquine,Calendar time,after_fda_retraction,initial_daily_dose,NA,numeric,mean,360.562247515869,PHARMETRICS,DrugUtilisation_0.2.1_summariseDrugUse
Cohort name,new_users_hydroxychloroquine,Calendar time,after_fda_retraction,initial_daily_dose,NA,numeric,sd,153.29800472088,PHARMETRICS,DrugUtilisation_0.2.1_summariseDrugUse
Cohort name,new_users_hydroxychloroquine,Calendar time,after_fda_retraction,number_eras,NA,numeric,median,1,PHARMETRICS,DrugUtilisation_0.2.1_summariseDrugUse
Cohort name,new_users_hydroxychloroquine,Calendar time,after_fda_retraction,number_eras,NA,numeric,q25,1,PHARMETRICS,DrugUtilisation_0.2.1_summariseDrugUse
Cohort name,new_users_hydroxychloroquine,Calendar time,after_fda_retraction,number_eras,NA,numeric,q75,1,PHARMETRICS,DrugUtilisation_0.2.1_summariseDrugUse
Cohort name,new_users_hydroxychloroquine,Calendar time,after_fda_retraction,number_eras,NA,numeric,mean,1,PHARMETRICS,DrugUtilisation_0.2.1_summariseDrugUse
Cohort name,new_users_hydroxychloroquine,Calendar time,after_fda_retraction,number_eras,NA,numeric,sd,0,PHARMETRICS,DrugUtilisation_0.2.1_summariseDrugUse
Cohort name,new_users_hydroxychloroquine,Calendar time,after_fda_retraction,number_exposures,NA,numeric,median,1,PHARMETRICS,DrugUtilisation_0.2.1_summariseDrugUse
Cohort name,new_users_hydroxychloroquine,Calendar time,after_fda_retraction,number_exposures,NA,numeric,q25,1,PHARMETRICS,DrugUtilisation_0.2.1_summariseDrugUse
Cohort name,new_users_hydroxychloroquine,Calendar time,after_fda_retraction,number_exposures,NA,numeric,q75,3,PHARMETRICS,DrugUtilisation_0.2.1_summariseDrugUse
Cohort name,new_users_hydroxychloroquine,Calendar time,after_fda_retraction,number_exposures,NA,numeric,mean,2.7197792571829,PHARMETRICS,DrugUtilisation_0.2.1_summariseDrugUse
Cohort name,new_users_hydroxychloroquine,Calendar time,after_fda_retraction,number_exposures,NA,numeric,sd,3.17293277855297,PHARMETRICS,DrugUtilisation_0.2.1_summariseDrugUse
Cohort name,new_users_hydroxychloroquine,Calendar time,before_pandemic,number subjects,NA,NA,count,17245,PHARMETRICS,DrugUtilisation_0.2.1_summariseDrugUse
Cohort name,new_users_hydroxychloroquine,Calendar time,before_pandemic,number records,NA,NA,count,17245,PHARMETRICS,DrugUtilisation_0.2.1_summariseDrugUse
Cohort name,new_users_hydroxychloroquine,Calendar time,before_pandemic,cumulative_dose,NA,numeric,median,36000,PHARMETRICS,DrugUtilisation_0.2.1_summariseDrugUse
Cohort name,new_users_hydroxychloroquine,Calendar time,before_pandemic,cumulative_dose,NA,numeric,q25,16800,PHARMETRICS,DrugUtilisation_0.2.1_summariseDrugUse
Cohort name,new_users_hydroxychloroquine,Calendar time,before_pandemic,cumulative_dose,NA,numeric,q75,96400,PHARMETRICS,DrugUtilisation_0.2.1_summariseDrugUse
Cohort name,new_users_hydroxychloroquine,Calendar time,before_pandemic,cumulative_dose,NA,numeric,mean,78999.3035497121,PHARMETRICS,DrugUtilisation_0.2.1_summariseDrugUse
Cohort name,new_users_hydroxychloroquine,Calendar time,before_pandemic,cumulative_dose,NA,numeric,sd,97981.684916397,PHARMETRICS,DrugUtilisation_0.2.1_summariseDrugUse
Cohort name,new_users_hydroxychloroquine,Calendar time,before_pandemic,duration,NA,numeric,median,116,PHARMETRICS,DrugUtilisation_0.2.1_summariseDrugUse
Cohort name,new_users_hydroxychloroquine,Calendar time,before_pandemic,duration,NA,numeric,q25,56,PHARMETRICS,DrugUtilisation_0.2.1_summariseDrugUse
Cohort name,new_users_hydroxychloroquine,Calendar time,before_pandemic,duration,NA,numeric,q75,290,PHARMETRICS,DrugUtilisation_0.2.1_summariseDrugUse
Cohort name,new_users_hydroxychloroquine,Calendar time,before_pandemic,duration,NA,numeric,mean,230.360552108102,PHARMETRICS,DrugUtilisation_0.2.1_summariseDrugUse
Cohort name,new_users_hydroxychloroquine,Calendar time,before_pandemic,duration,NA,numeric,sd,273.401553457946,PHARMETRICS,DrugUtilisation_0.2.1_summariseDrugUse
Cohort name,new_users_hydroxychloroquine,Calendar time,before_pandemic,initial_daily_dose,NA,numeric,median,400,PHARMETRICS,DrugUtilisation_0.2.1_summariseDrugUse
Cohort name,new_users_hydroxychloroquine,Calendar time,before_pandemic,initial_daily_dose,NA,numeric,q25,200,PHARMETRICS,DrugUtilisation_0.2.1_summariseDrugUse
Cohort name,new_users_hydroxychloroquine,Calendar time,before_pandemic,initial_daily_dose,NA,numeric,q75,400,PHARMETRICS,DrugUtilisation_0.2.1_summariseDrugUse
Cohort name,new_users_hydroxychloroquine,Calendar time,before_pandemic,initial_daily_dose,NA,numeric,mean,351.90155274047,PHARMETRICS,DrugUtilisation_0.2.1_summariseDrugUse
Cohort name,new_users_hydroxychloroquine,Calendar time,before_pandemic,initial_daily_dose,NA,numeric,sd,353.274933880125,PHARMETRICS,DrugUtilisation_0.2.1_summariseDrugUse
Cohort name,new_users_hydroxychloroquine,Calendar time,before_pandemic,number_eras,NA,numeric,median,1,PHARMETRICS,DrugUtilisation_0.2.1_summariseDrugUse
Cohort name,new_users_hydroxychloroquine,Calendar time,before_pandemic,number_eras,NA,numeric,q25,1,PHARMETRICS,DrugUtilisation_0.2.1_summariseDrugUse
Cohort name,new_users_hydroxychloroquine,Calendar time,before_pandemic,number_eras,NA,numeric,q75,1,PHARMETRICS,DrugUtilisation_0.2.1_summariseDrugUse
Cohort name,new_users_hydroxychloroquine,Calendar time,before_pandemic,number_eras,NA,numeric,mean,1.00011598909702,PHARMETRICS,DrugUtilisation_0.2.1_summariseDrugUse
Cohort name,new_users_hydroxychloroquine,Calendar time,before_pandemic,number_eras,NA,numeric,sd,0.0107695111262967,PHARMETRICS,DrugUtilisation_0.2.1_summariseDrugUse
Cohort name,new_users_hydroxychloroquine,Calendar time,before_pandemic,number_exposures,NA,numeric,median,3,PHARMETRICS,DrugUtilisation_0.2.1_summariseDrugUse
Cohort name,new_users_hydroxychloroquine,Calendar time,before_pandemic,number_exposures,NA,numeric,q25,1,PHARMETRICS,DrugUtilisation_0.2.1_summariseDrugUse
Cohort name,new_users_hydroxychloroquine,Calendar time,before_pandemic,number_exposures,NA,numeric,q75,6,PHARMETRICS,DrugUtilisation_0.2.1_summariseDrugUse
Cohort name,new_users_hydroxychloroquine,Calendar time,before_pandemic,number_exposures,NA,numeric,mean,4.95250246476831,PHARMETRICS,DrugUtilisation_0.2.1_summariseDrugUse
Cohort name,new_users_hydroxychloroquine,Calendar time,before_pandemic,number_exposures,NA,numeric,sd,6.24366097519684,PHARMETRICS,DrugUtilisation_0.2.1_summariseDrugUse
Cohort name,new_users_hydroxychloroquine,Calendar time,during_hcq_use_for_covid,number subjects,NA,NA,count,9565,PHARMETRICS,DrugUtilisation_0.2.1_summariseDrugUse
Cohort name,new_users_hydroxychloroquine,Calendar time,during_hcq_use_for_covid,number records,NA,NA,count,9565,PHARMETRICS,DrugUtilisation_0.2.1_summariseDrugUse
Cohort name,new_users_hydroxychloroquine,Calendar time,during_hcq_use_for_covid,cumulative_dose,NA,numeric,median,12000,PHARMETRICS,DrugUtilisation_0.2.1_summariseDrugUse
Cohort name,new_users_hydroxychloroquine,Calendar time,during_hcq_use_for_covid,cumulative_dose,NA,numeric,q25,4000,PHARMETRICS,DrugUtilisation_0.2.1_summariseDrugUse
Cohort name,new_users_hydroxychloroquine,Calendar time,during_hcq_use_for_covid,cumulative_dose,NA,numeric,q75,30500,PHARMETRICS,DrugUtilisation_0.2.1_summariseDrugUse
Cohort name,new_users_hydroxychloroquine,Calendar time,during_hcq_use_for_covid,cumulative_dose,NA,numeric,mean,32592.3864653439,PHARMETRICS,DrugUtilisation_0.2.1_summariseDrugUse
Cohort name,new_users_hydroxychloroquine,Calendar time,during_hcq_use_for_covid,cumulative_dose,NA,numeric,sd,59077.1915611949,PHARMETRICS,DrugUtilisation_0.2.1_summariseDrugUse
Cohort name,new_users_hydroxychloroquine,Calendar time,during_hcq_use_for_covid,duration,NA,numeric,median,30,PHARMETRICS,DrugUtilisation_0.2.1_summariseDrugUse
Cohort name,new_users_hydroxychloroquine,Calendar time,during_hcq_use_for_covid,duration,NA,numeric,q25,10,PHARMETRICS,DrugUtilisation_0.2.1_summariseDrugUse
Cohort name,new_users_hydroxychloroquine,Calendar time,during_hcq_use_for_covid,duration,NA,numeric,q75,90,PHARMETRICS,DrugUtilisation_0.2.1_summariseDrugUse
Cohort name,new_users_hydroxychloroquine,Calendar time,during_hcq_use_for_covid,duration,NA,numeric,mean,93.8242493984726,PHARMETRICS,DrugUtilisation_0.2.1_summariseDrugUse
Cohort name,new_users_hydroxychloroquine,Calendar time,during_hcq_use_for_covid,duration,NA,numeric,sd,169.390428468206,PHARMETRICS,DrugUtilisation_0.2.1_summariseDrugUse
Cohort name,new_users_hydroxychloroquine,Calendar time,during_hcq_use_for_covid,initial_daily_dose,NA,numeric,median,400,PHARMETRICS,DrugUtilisation_0.2.1_summariseDrugUse
Cohort name,new_users_hydroxychloroquine,Calendar time,during_hcq_use_for_covid,initial_daily_dose,NA,numeric,q25,400,PHARMETRICS,DrugUtilisation_0.2.1_summariseDrugUse
Cohort name,new_users_hydroxychloroquine,Calendar time,during_hcq_use_for_covid,initial_daily_dose,NA,numeric,q75,400,PHARMETRICS,DrugUtilisation_0.2.1_summariseDrugUse
Cohort name,new_users_hydroxychloroquine,Calendar time,during_hcq_use_for_covid,initial_daily_dose,NA,numeric,mean,407.989023443543,PHARMETRICS,DrugUtilisation_0.2.1_summariseDrugUse
Cohort name,new_users_hydroxychloroquine,Calendar time,during_hcq_use_for_covid,initial_daily_dose,NA,numeric,sd,198.932181722685,PHARMETRICS,DrugUtilisation_0.2.1_summariseDrugUse
Cohort name,new_users_hydroxychloroquine,Calendar time,during_hcq_use_for_covid,number_eras,NA,numeric,median,1,PHARMETRICS,DrugUtilisation_0.2.1_summariseDrugUse
Cohort name,new_users_hydroxychloroquine,Calendar time,during_hcq_use_for_covid,number_eras,NA,numeric,q25,1,PHARMETRICS,DrugUtilisation_0.2.1_summariseDrugUse
Cohort name,new_users_hydroxychloroquine,Calendar time,during_hcq_use_for_covid,number_eras,NA,numeric,q75,1,PHARMETRICS,DrugUtilisation_0.2.1_summariseDrugUse
Cohort name,new_users_hydroxychloroquine,Calendar time,during_hcq_use_for_covid,number_eras,NA,numeric,mean,1,PHARMETRICS,DrugUtilisation_0.2.1_summariseDrugUse
Cohort name,new_users_hydroxychloroquine,Calendar time,during_hcq_use_for_covid,number_eras,NA,numeric,sd,0,PHARMETRICS,DrugUtilisation_0.2.1_summariseDrugUse
Cohort name,new_users_hydroxychloroquine,Calendar time,during_hcq_use_for_covid,number_exposures,NA,numeric,median,1,PHARMETRICS,DrugUtilisation_0.2.1_summariseDrugUse
Cohort name,new_users_hydroxychloroquine,Calendar time,during_hcq_use_for_covid,number_exposures,NA,numeric,q25,1,PHARMETRICS,DrugUtilisation_0.2.1_summariseDrugUse
Cohort name,new_users_hydroxychloroquine,Calendar time,during_hcq_use_for_covid,number_exposures,NA,numeric,q75,2,PHARMETRICS,DrugUtilisation_0.2.1_summariseDrugUse
Cohort name,new_users_hydroxychloroquine,Calendar time,during_hcq_use_for_covid,number_exposures,NA,numeric,mean,2.49701851658123,PHARMETRICS,DrugUtilisation_0.2.1_summariseDrugUse
Cohort name,new_users_hydroxychloroquine,Calendar time,during_hcq_use_for_covid,number_exposures,NA,numeric,sd,3.79046370378859,PHARMETRICS,DrugUtilisation_0.2.1_summariseDrugUse
Cohort name,new_users_hydroxychloroquine,Indication,covid,number subjects,NA,NA,count,2549,PHARMETRICS,DrugUtilisation_0.2.1_summariseDrugUse
Cohort name,new_users_hydroxychloroquine,Indication,covid,number records,NA,NA,count,2549,PHARMETRICS,DrugUtilisation_0.2.1_summariseDrugUse
Cohort name,new_users_hydroxychloroquine,Indication,covid,cumulative_dose,NA,numeric,median,2800,PHARMETRICS,DrugUtilisation_0.2.1_summariseDrugUse
Cohort name,new_users_hydroxychloroquine,Indication,covid,cumulative_dose,NA,numeric,q25,2000,PHARMETRICS,DrugUtilisation_0.2.1_summariseDrugUse
Cohort name,new_users_hydroxychloroquine,Indication,covid,cumulative_dose,NA,numeric,q75,4000,PHARMETRICS,DrugUtilisation_0.2.1_summariseDrugUse
Cohort name,new_users_hydroxychloroquine,Indication,covid,cumulative_dose,NA,numeric,mean,5479.48214986269,PHARMETRICS,DrugUtilisation_0.2.1_summariseDrugUse
Cohort name,new_users_hydroxychloroquine,Indication,covid,cumulative_dose,NA,numeric,sd,13524.9385463691,PHARMETRICS,DrugUtilisation_0.2.1_summariseDrugUse
Cohort name,new_users_hydroxychloroquine,Indication,covid,duration,NA,numeric,median,7,PHARMETRICS,DrugUtilisation_0.2.1_summariseDrugUse
Cohort name,new_users_hydroxychloroquine,Indication,covid,duration,NA,numeric,q25,5,PHARMETRICS,DrugUtilisation_0.2.1_summariseDrugUse
Cohort name,new_users_hydroxychloroquine,Indication,covid,duration,NA,numeric,q75,10,PHARMETRICS,DrugUtilisation_0.2.1_summariseDrugUse
Cohort name,new_users_hydroxychloroquine,Indication,covid,duration,NA,numeric,mean,15.8371910553158,PHARMETRICS,DrugUtilisation_0.2.1_summariseDrugUse
Cohort name,new_users_hydroxychloroquine,Indication,covid,duration,NA,numeric,sd,40.3516306373047,PHARMETRICS,DrugUtilisation_0.2.1_summariseDrugUse
Cohort name,new_users_hydroxychloroquine,Indication,covid,initial_daily_dose,NA,numeric,median,400,PHARMETRICS,DrugUtilisation_0.2.1_summariseDrugUse
Cohort name,new_users_hydroxychloroquine,Indication,covid,initial_daily_dose,NA,numeric,q25,400,PHARMETRICS,DrugUtilisation_0.2.1_summariseDrugUse
Cohort name,new_users_hydroxychloroquine,Indication,covid,initial_daily_dose,NA,numeric,q75,457.142857142857,PHARMETRICS,DrugUtilisation_0.2.1_summariseDrugUse
Cohort name,new_users_hydroxychloroquine,Indication,covid,initial_daily_dose,NA,numeric,mean,419.798412042109,PHARMETRICS,DrugUtilisation_0.2.1_summariseDrugUse
Cohort name,new_users_hydroxychloroquine,Indication,covid,initial_daily_dose,NA,numeric,sd,199.335439962885,PHARMETRICS,DrugUtilisation_0.2.1_summariseDrugUse
Cohort name,new_users_hydroxychloroquine,Indication,covid,number_eras,NA,numeric,median,1,PHARMETRICS,DrugUtilisation_0.2.1_summariseDrugUse
Cohort name,new_users_hydroxychloroquine,Indication,covid,number_eras,NA,numeric,q25,1,PHARMETRICS,DrugUtilisation_0.2.1_summariseDrugUse
Cohort name,new_users_hydroxychloroquine,Indication,covid,number_eras,NA,numeric,q75,1,PHARMETRICS,DrugUtilisation_0.2.1_summariseDrugUse
Cohort name,new_users_hydroxychloroquine,Indication,covid,number_eras,NA,numeric,mean,1,PHARMETRICS,DrugUtilisation_0.2.1_summariseDrugUse
Cohort name,new_users_hydroxychloroquine,Indication,covid,number_eras,NA,numeric,sd,0,PHARMETRICS,DrugUtilisation_0.2.1_summariseDrugUse
Cohort name,new_users_hydroxychloroquine,Indication,covid,number_exposures,NA,numeric,median,1,PHARMETRICS,DrugUtilisation_0.2.1_summariseDrugUse
Cohort name,new_users_hydroxychloroquine,Indication,covid,number_exposures,NA,numeric,q25,1,PHARMETRICS,DrugUtilisation_0.2.1_summariseDrugUse
Cohort name,new_users_hydroxychloroquine,Indication,covid,number_exposures,NA,numeric,q75,1,PHARMETRICS,DrugUtilisation_0.2.1_summariseDrugUse
Cohort name,new_users_hydroxychloroquine,Indication,covid,number_exposures,NA,numeric,mean,1.1581012161632,PHARMETRICS,DrugUtilisation_0.2.1_summariseDrugUse
Cohort name,new_users_hydroxychloroquine,Indication,covid,number_exposures,NA,numeric,sd,0.831881699784126,PHARMETRICS,DrugUtilisation_0.2.1_summariseDrugUse
Cohort name,new_users_hydroxychloroquine,Indication,malaria,number subjects,NA,NA,count,7,PHARMETRICS,DrugUtilisation_0.2.1_summariseDrugUse
Cohort name,new_users_hydroxychloroquine,Indication,malaria,number records,NA,NA,count,7,PHARMETRICS,DrugUtilisation_0.2.1_summariseDrugUse
Cohort name,new_users_hydroxychloroquine,Indication,malaria,cumulative_dose,NA,numeric,median,36000,PHARMETRICS,DrugUtilisation_0.2.1_summariseDrugUse
Cohort name,new_users_hydroxychloroquine,Indication,malaria,cumulative_dose,NA,numeric,q25,7600,PHARMETRICS,DrugUtilisation_0.2.1_summariseDrugUse
Cohort name,new_users_hydroxychloroquine,Indication,malaria,cumulative_dose,NA,numeric,q75,45000,PHARMETRICS,DrugUtilisation_0.2.1_summariseDrugUse
Cohort name,new_users_hydroxychloroquine,Indication,malaria,cumulative_dose,NA,numeric,mean,42914.2857142857,PHARMETRICS,DrugUtilisation_0.2.1_summariseDrugUse
Cohort name,new_users_hydroxychloroquine,Indication,malaria,cumulative_dose,NA,numeric,sd,53411.9658432274,PHARMETRICS,DrugUtilisation_0.2.1_summariseDrugUse
Cohort name,new_users_hydroxychloroquine,Indication,malaria,duration,NA,numeric,median,87,PHARMETRICS,DrugUtilisation_0.2.1_summariseDrugUse
Cohort name,new_users_hydroxychloroquine,Indication,malaria,duration,NA,numeric,q25,19,PHARMETRICS,DrugUtilisation_0.2.1_summariseDrugUse
Cohort name,new_users_hydroxychloroquine,Indication,malaria,duration,NA,numeric,q75,126,PHARMETRICS,DrugUtilisation_0.2.1_summariseDrugUse
Cohort name,new_users_hydroxychloroquine,Indication,malaria,duration,NA,numeric,mean,171.571428571429,PHARMETRICS,DrugUtilisation_0.2.1_summariseDrugUse
Cohort name,new_users_hydroxychloroquine,Indication,malaria,duration,NA,numeric,sd,289.46494154034,PHARMETRICS,DrugUtilisation_0.2.1_summariseDrugUse
Cohort name,new_users_hydroxychloroquine,Indication,malaria,initial_daily_dose,NA,numeric,median,400,PHARMETRICS,DrugUtilisation_0.2.1_summariseDrugUse
Cohort name,new_users_hydroxychloroquine,Indication,malaria,initial_daily_dose,NA,numeric,q25,400,PHARMETRICS,DrugUtilisation_0.2.1_summariseDrugUse
Cohort name,new_users_hydroxychloroquine,Indication,malaria,initial_daily_dose,NA,numeric,q75,400,PHARMETRICS,DrugUtilisation_0.2.1_summariseDrugUse
Cohort name,new_users_hydroxychloroquine,Indication,malaria,initial_daily_dose,NA,numeric,mean,371.428571428571,PHARMETRICS,DrugUtilisation_0.2.1_summariseDrugUse
Cohort name,new_users_hydroxychloroquine,Indication,malaria,initial_daily_dose,NA,numeric,sd,75.5928946018454,PHARMETRICS,DrugUtilisation_0.2.1_summariseDrugUse
Cohort name,new_users_hydroxychloroquine,Indication,malaria,number_eras,NA,numeric,median,1,PHARMETRICS,DrugUtilisation_0.2.1_summariseDrugUse
Cohort name,new_users_hydroxychloroquine,Indication,malaria,number_eras,NA,numeric,q25,1,PHARMETRICS,DrugUtilisation_0.2.1_summariseDrugUse
Cohort name,new_users_hydroxychloroquine,Indication,malaria,number_eras,NA,numeric,q75,1,PHARMETRICS,DrugUtilisation_0.2.1_summariseDrugUse
Cohort name,new_users_hydroxychloroquine,Indication,malaria,number_eras,NA,numeric,mean,1,PHARMETRICS,DrugUtilisation_0.2.1_summariseDrugUse
Cohort name,new_users_hydroxychloroquine,Indication,malaria,number_eras,NA,numeric,sd,0,PHARMETRICS,DrugUtilisation_0.2.1_summariseDrugUse
Cohort name,new_users_hydroxychloroquine,Indication,malaria,number_exposures,NA,numeric,median,1,PHARMETRICS,DrugUtilisation_0.2.1_summariseDrugUse
Cohort name,new_users_hydroxychloroquine,Indication,malaria,number_exposures,NA,numeric,q25,1,PHARMETRICS,DrugUtilisation_0.2.1_summariseDrugUse
Cohort name,new_users_hydroxychloroquine,Indication,malaria,number_exposures,NA,numeric,q75,3.5,PHARMETRICS,DrugUtilisation_0.2.1_summariseDrugUse
Cohort name,new_users_hydroxychloroquine,Indication,malaria,number_exposures,NA,numeric,mean,4.14285714285714,PHARMETRICS,DrugUtilisation_0.2.1_summariseDrugUse
Cohort name,new_users_hydroxychloroquine,Indication,malaria,number_exposures,NA,numeric,sd,6.22972903178973,PHARMETRICS,DrugUtilisation_0.2.1_summariseDrugUse
Cohort name,new_users_hydroxychloroquine,Indication,multiple,number subjects,NA,NA,count,152,PHARMETRICS,DrugUtilisation_0.2.1_summariseDrugUse
Cohort name,new_users_hydroxychloroquine,Indication,multiple,number records,NA,NA,count,152,PHARMETRICS,DrugUtilisation_0.2.1_summariseDrugUse
Cohort name,new_users_hydroxychloroquine,Indication,multiple,cumulative_dose,NA,numeric,median,18000,PHARMETRICS,DrugUtilisation_0.2.1_summariseDrugUse
Cohort name,new_users_hydroxychloroquine,Indication,multiple,cumulative_dose,NA,numeric,q25,3100,PHARMETRICS,DrugUtilisation_0.2.1_summariseDrugUse
Cohort name,new_users_hydroxychloroquine,Indication,multiple,cumulative_dose,NA,numeric,q75,36000,PHARMETRICS,DrugUtilisation_0.2.1_summariseDrugUse
Cohort name,new_users_hydroxychloroquine,Indication,multiple,cumulative_dose,NA,numeric,mean,30275,PHARMETRICS,DrugUtilisation_0.2.1_summariseDrugUse
Cohort name,new_users_hydroxychloroquine,Indication,multiple,cumulative_dose,NA,numeric,sd,37404.8607706475,PHARMETRICS,DrugUtilisation_0.2.1_summariseDrugUse
Cohort name,new_users_hydroxychloroquine,Indication,multiple,duration,NA,numeric,median,54.5,PHARMETRICS,DrugUtilisation_0.2.1_summariseDrugUse
Cohort name,new_users_hydroxychloroquine,Indication,multiple,duration,NA,numeric,q25,9.5,PHARMETRICS,DrugUtilisation_0.2.1_summariseDrugUse
Cohort name,new_users_hydroxychloroquine,Indication,multiple,duration,NA,numeric,q75,97.75,PHARMETRICS,DrugUtilisation_0.2.1_summariseDrugUse
Cohort name,new_users_hydroxychloroquine,Indication,multiple,duration,NA,numeric,mean,88.8684210526316,PHARMETRICS,DrugUtilisation_0.2.1_summariseDrugUse
Cohort name,new_users_hydroxychloroquine,Indication,multiple,duration,NA,numeric,sd,112.537245296601,PHARMETRICS,DrugUtilisation_0.2.1_summariseDrugUse
Cohort name,new_users_hydroxychloroquine,Indication,multiple,initial_daily_dose,NA,numeric,median,400,PHARMETRICS,DrugUtilisation_0.2.1_summariseDrugUse
Cohort name,new_users_hydroxychloroquine,Indication,multiple,initial_daily_dose,NA,numeric,q25,400,PHARMETRICS,DrugUtilisation_0.2.1_summariseDrugUse
Cohort name,new_users_hydroxychloroquine,Indication,multiple,initial_daily_dose,NA,numeric,q75,400,PHARMETRICS,DrugUtilisation_0.2.1_summariseDrugUse
Cohort name,new_users_hydroxychloroquine,Indication,multiple,initial_daily_dose,NA,numeric,mean,373.217703349282,PHARMETRICS,DrugUtilisation_0.2.1_summariseDrugUse
Cohort name,new_users_hydroxychloroquine,Indication,multiple,initial_daily_dose,NA,numeric,sd,111.182616369667,PHARMETRICS,DrugUtilisation_0.2.1_summariseDrugUse
Cohort name,new_users_hydroxychloroquine,Indication,multiple,number_eras,NA,numeric,median,1,PHARMETRICS,DrugUtilisation_0.2.1_summariseDrugUse
Cohort name,new_users_hydroxychloroquine,Indication,multiple,number_eras,NA,numeric,q25,1,PHARMETRICS,DrugUtilisation_0.2.1_summariseDrugUse
Cohort name,new_users_hydroxychloroquine,Indication,multiple,number_eras,NA,numeric,q75,1,PHARMETRICS,DrugUtilisation_0.2.1_summariseDrugUse
Cohort name,new_users_hydroxychloroquine,Indication,multiple,number_eras,NA,numeric,mean,1,PHARMETRICS,DrugUtilisation_0.2.1_summariseDrugUse
Cohort name,new_users_hydroxychloroquine,Indication,multiple,number_eras,NA,numeric,sd,0,PHARMETRICS,DrugUtilisation_0.2.1_summariseDrugUse
Cohort name,new_users_hydroxychloroquine,Indication,multiple,number_exposures,NA,numeric,median,1,PHARMETRICS,DrugUtilisation_0.2.1_summariseDrugUse
Cohort name,new_users_hydroxychloroquine,Indication,multiple,number_exposures,NA,numeric,q25,1,PHARMETRICS,DrugUtilisation_0.2.1_summariseDrugUse
Cohort name,new_users_hydroxychloroquine,Indication,multiple,number_exposures,NA,numeric,q75,2.25,PHARMETRICS,DrugUtilisation_0.2.1_summariseDrugUse
Cohort name,new_users_hydroxychloroquine,Indication,multiple,number_exposures,NA,numeric,mean,2.55263157894737,PHARMETRICS,DrugUtilisation_0.2.1_summariseDrugUse
Cohort name,new_users_hydroxychloroquine,Indication,multiple,number_exposures,NA,numeric,sd,3.6571430127471,PHARMETRICS,DrugUtilisation_0.2.1_summariseDrugUse
Cohort name,new_users_hydroxychloroquine,Indication,none,number subjects,NA,NA,count,31899,PHARMETRICS,DrugUtilisation_0.2.1_summariseDrugUse
Cohort name,new_users_hydroxychloroquine,Indication,none,number records,NA,NA,count,31899,PHARMETRICS,DrugUtilisation_0.2.1_summariseDrugUse
Cohort name,new_users_hydroxychloroquine,Indication,none,cumulative_dose,NA,numeric,median,18000,PHARMETRICS,DrugUtilisation_0.2.1_summariseDrugUse
Cohort name,new_users_hydroxychloroquine,Indication,none,cumulative_dose,NA,numeric,q25,5600,PHARMETRICS,DrugUtilisation_0.2.1_summariseDrugUse
Cohort name,new_users_hydroxychloroquine,Indication,none,cumulative_dose,NA,numeric,q75,48000,PHARMETRICS,DrugUtilisation_0.2.1_summariseDrugUse
Cohort name,new_users_hydroxychloroquine,Indication,none,cumulative_dose,NA,numeric,mean,44236.5723951197,PHARMETRICS,DrugUtilisation_0.2.1_summariseDrugUse
Cohort name,new_users_hydroxychloroquine,Indication,none,cumulative_dose,NA,numeric,sd,69377.2563255205,PHARMETRICS,DrugUtilisation_0.2.1_summariseDrugUse
Cohort name,new_users_hydroxychloroquine,Indication,none,duration,NA,numeric,median,58,PHARMETRICS,DrugUtilisation_0.2.1_summariseDrugUse
Cohort name,new_users_hydroxychloroquine,Indication,none,duration,NA,numeric,q25,16,PHARMETRICS,DrugUtilisation_0.2.1_summariseDrugUse
Cohort name,new_users_hydroxychloroquine,Indication,none,duration,NA,numeric,q75,158,PHARMETRICS,DrugUtilisation_0.2.1_summariseDrugUse
Cohort name,new_users_hydroxychloroquine,Indication,none,duration,NA,numeric,mean,130.711893637703,PHARMETRICS,DrugUtilisation_0.2.1_summariseDrugUse
Cohort name,new_users_hydroxychloroquine,Indication,none,duration,NA,numeric,sd,194.510919652002,PHARMETRICS,DrugUtilisation_0.2.1_summariseDrugUse
Cohort name,new_users_hydroxychloroquine,Indication,none,initial_daily_dose,NA,numeric,median,400,PHARMETRICS,DrugUtilisation_0.2.1_summariseDrugUse
Cohort name,new_users_hydroxychloroquine,Indication,none,initial_daily_dose,NA,numeric,q25,280,PHARMETRICS,DrugUtilisation_0.2.1_summariseDrugUse
Cohort name,new_users_hydroxychloroquine,Indication,none,initial_daily_dose,NA,numeric,q75,400,PHARMETRICS,DrugUtilisation_0.2.1_summariseDrugUse
Cohort name,new_users_hydroxychloroquine,Indication,none,initial_daily_dose,NA,numeric,mean,368.433826323571,PHARMETRICS,DrugUtilisation_0.2.1_summariseDrugUse
Cohort name,new_users_hydroxychloroquine,Indication,none,initial_daily_dose,NA,numeric,sd,169.40395180839,PHARMETRICS,DrugUtilisation_0.2.1_summariseDrugUse
Cohort name,new_users_hydroxychloroquine,Indication,none,number_eras,NA,numeric,median,1,PHARMETRICS,DrugUtilisation_0.2.1_summariseDrugUse
Cohort name,new_users_hydroxychloroquine,Indication,none,number_eras,NA,numeric,q25,1,PHARMETRICS,DrugUtilisation_0.2.1_summariseDrugUse
Cohort name,new_users_hydroxychloroquine,Indication,none,number_eras,NA,numeric,q75,1,PHARMETRICS,DrugUtilisation_0.2.1_summariseDrugUse
Cohort name,new_users_hydroxychloroquine,Indication,none,number_eras,NA,numeric,mean,1.00003135680913,PHARMETRICS,DrugUtilisation_0.2.1_summariseDrugUse
Cohort name,new_users_hydroxychloroquine,Indication,none,number_eras,NA,numeric,sd,0.00559971509374386,PHARMETRICS,DrugUtilisation_0.2.1_summariseDrugUse
Cohort name,new_users_hydroxychloroquine,Indication,none,number_exposures,NA,numeric,median,1,PHARMETRICS,DrugUtilisation_0.2.1_summariseDrugUse
Cohort name,new_users_hydroxychloroquine,Indication,none,number_exposures,NA,numeric,q25,1,PHARMETRICS,DrugUtilisation_0.2.1_summariseDrugUse
Cohort name,new_users_hydroxychloroquine,Indication,none,number_exposures,NA,numeric,q75,3,PHARMETRICS,DrugUtilisation_0.2.1_summariseDrugUse
Cohort name,new_users_hydroxychloroquine,Indication,none,number_exposures,NA,numeric,mean,3.18864256373271,PHARMETRICS,DrugUtilisation_0.2.1_summariseDrugUse
Cohort name,new_users_hydroxychloroquine,Indication,none,number_exposures,NA,numeric,sd,4.48066514997028,PHARMETRICS,DrugUtilisation_0.2.1_summariseDrugUse
Cohort name,new_users_hydroxychloroquine,Indication,rheumatoid_arthritis,number subjects,NA,NA,count,15039,PHARMETRICS,DrugUtilisation_0.2.1_summariseDrugUse
Cohort name,new_users_hydroxychloroquine,Indication,rheumatoid_arthritis,number records,NA,NA,count,15039,PHARMETRICS,DrugUtilisation_0.2.1_summariseDrugUse
Cohort name,new_users_hydroxychloroquine,Indication,rheumatoid_arthritis,cumulative_dose,NA,numeric,median,36000,PHARMETRICS,DrugUtilisation_0.2.1_summariseDrugUse
Cohort name,new_users_hydroxychloroquine,Indication,rheumatoid_arthritis,cumulative_dose,NA,numeric,q25,18000,PHARMETRICS,DrugUtilisation_0.2.1_summariseDrugUse
Cohort name,new_users_hydroxychloroquine,Indication,rheumatoid_arthritis,cumulative_dose,NA,numeric,q75,91200,PHARMETRICS,DrugUtilisation_0.2.1_summariseDrugUse
Cohort name,new_users_hydroxychloroquine,Indication,rheumatoid_arthritis,cumulative_dose,NA,numeric,mean,71301.3983506608,PHARMETRICS,DrugUtilisation_0.2.1_summariseDrugUse
Cohort name,new_users_hydroxychloroquine,Indication,rheumatoid_arthritis,cumulative_dose,NA,numeric,sd,83481.5583541273,PHARMETRICS,DrugUtilisation_0.2.1_summariseDrugUse
Cohort name,new_users_hydroxychloroquine,Indication,rheumatoid_arthritis,duration,NA,numeric,median,112,PHARMETRICS,DrugUtilisation_0.2.1_summariseDrugUse
Cohort name,new_users_hydroxychloroquine,Indication,rheumatoid_arthritis,duration,NA,numeric,q25,58,PHARMETRICS,DrugUtilisation_0.2.1_summariseDrugUse
Cohort name,new_users_hydroxychloroquine,Indication,rheumatoid_arthritis,duration,NA,numeric,q75,273,PHARMETRICS,DrugUtilisation_0.2.1_summariseDrugUse
Cohort name,new_users_hydroxychloroquine,Indication,rheumatoid_arthritis,duration,NA,numeric,mean,208.28054539408,PHARMETRICS,DrugUtilisation_0.2.1_summariseDrugUse
Cohort name,new_users_hydroxychloroquine,Indication,rheumatoid_arthritis,duration,NA,numeric,sd,234.074924226464,PHARMETRICS,DrugUtilisation_0.2.1_summariseDrugUse
Cohort name,new_users_hydroxychloroquine,Indication,rheumatoid_arthritis,initial_daily_dose,NA,numeric,median,400,PHARMETRICS,DrugUtilisation_0.2.1_summariseDrugUse
Cohort name,new_users_hydroxychloroquine,Indication,rheumatoid_arthritis,initial_daily_dose,NA,numeric,q25,200,PHARMETRICS,DrugUtilisation_0.2.1_summariseDrugUse
Cohort name,new_users_hydroxychloroquine,Indication,rheumatoid_arthritis,initial_daily_dose,NA,numeric,q75,400,PHARMETRICS,DrugUtilisation_0.2.1_summariseDrugUse
Cohort name,new_users_hydroxychloroquine,Indication,rheumatoid_arthritis,initial_daily_dose,NA,numeric,mean,353.910501216737,PHARMETRICS,DrugUtilisation_0.2.1_summariseDrugUse
Cohort name,new_users_hydroxychloroquine,Indication,rheumatoid_arthritis,initial_daily_dose,NA,numeric,sd,370.121731562993,PHARMETRICS,DrugUtilisation_0.2.1_summariseDrugUse
Cohort name,new_users_hydroxychloroquine,Indication,rheumatoid_arthritis,number_eras,NA,numeric,median,1,PHARMETRICS,DrugUtilisation_0.2.1_summariseDrugUse
Cohort name,new_users_hydroxychloroquine,Indication,rheumatoid_arthritis,number_eras,NA,numeric,q25,1,PHARMETRICS,DrugUtilisation_0.2.1_summariseDrugUse
Cohort name,new_users_hydroxychloroquine,Indication,rheumatoid_arthritis,number_eras,NA,numeric,q75,1,PHARMETRICS,DrugUtilisation_0.2.1_summariseDrugUse
Cohort name,new_users_hydroxychloroquine,Indication,rheumatoid_arthritis,number_eras,NA,numeric,mean,1.00006651147323,PHARMETRICS,DrugUtilisation_0.2.1_summariseDrugUse
Cohort name,new_users_hydroxychloroquine,Indication,rheumatoid_arthritis,number_eras,NA,numeric,sd,0.00815545665362351,PHARMETRICS,DrugUtilisation_0.2.1_summariseDrugUse
Cohort name,new_users_hydroxychloroquine,Indication,rheumatoid_arthritis,number_exposures,NA,numeric,median,2,PHARMETRICS,DrugUtilisation_0.2.1_summariseDrugUse
Cohort name,new_users_hydroxychloroquine,Indication,rheumatoid_arthritis,number_exposures,NA,numeric,q25,1,PHARMETRICS,DrugUtilisation_0.2.1_summariseDrugUse
Cohort name,new_users_hydroxychloroquine,Indication,rheumatoid_arthritis,number_exposures,NA,numeric,q75,5,PHARMETRICS,DrugUtilisation_0.2.1_summariseDrugUse
Cohort name,new_users_hydroxychloroquine,Indication,rheumatoid_arthritis,number_exposures,NA,numeric,mean,4.4100432324576,PHARMETRICS,DrugUtilisation_0.2.1_summariseDrugUse
Cohort name,new_users_hydroxychloroquine,Indication,rheumatoid_arthritis,number_exposures,NA,numeric,sd,5.31880459172429,PHARMETRICS,DrugUtilisation_0.2.1_summariseDrugUse
Cohort name,new_users_hydroxychloroquine,Overall,Overall,number subjects,NA,NA,count,49646,PHARMETRICS,DrugUtilisation_0.2.1_summariseDrugUse
Cohort name,new_users_hydroxychloroquine,Overall,Overall,number records,NA,NA,count,49646,PHARMETRICS,DrugUtilisation_0.2.1_summariseDrugUse
Cohort name,new_users_hydroxychloroquine,Overall,Overall,cumulative_dose,NA,numeric,median,24000,PHARMETRICS,DrugUtilisation_0.2.1_summariseDrugUse
Cohort name,new_users_hydroxychloroquine,Overall,Overall,cumulative_dose,NA,numeric,q25,6000,PHARMETRICS,DrugUtilisation_0.2.1_summariseDrugUse
Cohort name,new_users_hydroxychloroquine,Overall,Overall,cumulative_dose,NA,numeric,q75,60000,PHARMETRICS,DrugUtilisation_0.2.1_summariseDrugUse
Cohort name,new_users_hydroxychloroquine,Overall,Overall,cumulative_dose,NA,numeric,mean,50401.6290134776,PHARMETRICS,DrugUtilisation_0.2.1_summariseDrugUse
Cohort name,new_users_hydroxychloroquine,Overall,Overall,cumulative_dose,NA,numeric,sd,74021.3689692862,PHARMETRICS,DrugUtilisation_0.2.1_summariseDrugUse
Cohort name,new_users_hydroxychloroquine,Overall,Overall,duration,NA,numeric,median,79,PHARMETRICS,DrugUtilisation_0.2.1_summariseDrugUse
Cohort name,new_users_hydroxychloroquine,Overall,Overall,duration,NA,numeric,q25,28,PHARMETRICS,DrugUtilisation_0.2.1_summariseDrugUse
Cohort name,new_users_hydroxychloroquine,Overall,Overall,duration,NA,numeric,q75,181,PHARMETRICS,DrugUtilisation_0.2.1_summariseDrugUse
Cohort name,new_users_hydroxychloroquine,Overall,Overall,duration,NA,numeric,mean,148.186908167788,PHARMETRICS,DrugUtilisation_0.2.1_summariseDrugUse
Cohort name,new_users_hydroxychloroquine,Overall,Overall,duration,NA,numeric,sd,207.938713262471,PHARMETRICS,DrugUtilisation_0.2.1_summariseDrugUse
Cohort name,new_users_hydroxychloroquine,Overall,Overall,initial_daily_dose,NA,numeric,median,400,PHARMETRICS,DrugUtilisation_0.2.1_summariseDrugUse
Cohort name,new_users_hydroxychloroquine,Overall,Overall,initial_daily_dose,NA,numeric,q25,300,PHARMETRICS,DrugUtilisation_0.2.1_summariseDrugUse
Cohort name,new_users_hydroxychloroquine,Overall,Overall,initial_daily_dose,NA,numeric,q75,400,PHARMETRICS,DrugUtilisation_0.2.1_summariseDrugUse
Cohort name,new_users_hydroxychloroquine,Overall,Overall,initial_daily_dose,NA,numeric,mean,366.687407508624,PHARMETRICS,DrugUtilisation_0.2.1_summariseDrugUse
Cohort name,new_users_hydroxychloroquine,Overall,Overall,initial_daily_dose,NA,numeric,sd,249.415408125391,PHARMETRICS,DrugUtilisation_0.2.1_summariseDrugUse
Cohort name,new_users_hydroxychloroquine,Overall,Overall,number_eras,NA,numeric,median,1,PHARMETRICS,DrugUtilisation_0.2.1_summariseDrugUse
Cohort name,new_users_hydroxychloroquine,Overall,Overall,number_eras,NA,numeric,q25,1,PHARMETRICS,DrugUtilisation_0.2.1_summariseDrugUse
Cohort name,new_users_hydroxychloroquine,Overall,Overall,number_eras,NA,numeric,q75,1,PHARMETRICS,DrugUtilisation_0.2.1_summariseDrugUse
Cohort name,new_users_hydroxychloroquine,Overall,Overall,number_eras,NA,numeric,mean,1.0000402949591,PHARMETRICS,DrugUtilisation_0.2.1_summariseDrugUse
Cohort name,new_users_hydroxychloroquine,Overall,Overall,number_eras,NA,numeric,sd,0.00634776710681757,PHARMETRICS,DrugUtilisation_0.2.1_summariseDrugUse
Cohort name,new_users_hydroxychloroquine,Overall,Overall,number_exposures,NA,numeric,median,1,PHARMETRICS,DrugUtilisation_0.2.1_summariseDrugUse
Cohort name,new_users_hydroxychloroquine,Overall,Overall,number_exposures,NA,numeric,q25,1,PHARMETRICS,DrugUtilisation_0.2.1_summariseDrugUse
Cohort name,new_users_hydroxychloroquine,Overall,Overall,number_exposures,NA,numeric,q75,4,PHARMETRICS,DrugUtilisation_0.2.1_summariseDrugUse
Cohort name,new_users_hydroxychloroquine,Overall,Overall,number_exposures,NA,numeric,mean,3.45253253817947,PHARMETRICS,DrugUtilisation_0.2.1_summariseDrugUse
Cohort name,new_users_hydroxychloroquine,Overall,Overall,number_exposures,NA,numeric,sd,4.70581720270789,PHARMETRICS,DrugUtilisation_0.2.1_summariseDrugUse
Cohort name,new_users_methotrexate,Calendar time,after_fda_retraction,number subjects,NA,NA,count,15206,PHARMETRICS,DrugUtilisation_0.2.1_summariseDrugUse
Cohort name,new_users_methotrexate,Calendar time,after_fda_retraction,number records,NA,NA,count,15206,PHARMETRICS,DrugUtilisation_0.2.1_summariseDrugUse
Cohort name,new_users_methotrexate,Calendar time,after_fda_retraction,cumulative_dose,NA,numeric,median,195,PHARMETRICS,DrugUtilisation_0.2.1_summariseDrugUse
Cohort name,new_users_methotrexate,Calendar time,after_fda_retraction,cumulative_dose,NA,numeric,q25,85,PHARMETRICS,DrugUtilisation_0.2.1_summariseDrugUse
Cohort name,new_users_methotrexate,Calendar time,after_fda_retraction,cumulative_dose,NA,numeric,q75,420,PHARMETRICS,DrugUtilisation_0.2.1_summariseDrugUse
Cohort name,new_users_methotrexate,Calendar time,after_fda_retraction,cumulative_dose,NA,numeric,mean,363.348569596343,PHARMETRICS,DrugUtilisation_0.2.1_summariseDrugUse
Cohort name,new_users_methotrexate,Calendar time,after_fda_retraction,cumulative_dose,NA,numeric,sd,2841.82135498178,PHARMETRICS,DrugUtilisation_0.2.1_summariseDrugUse
Cohort name,new_users_methotrexate,Calendar time,after_fda_retraction,duration,NA,numeric,median,84,PHARMETRICS,DrugUtilisation_0.2.1_summariseDrugUse
Cohort name,new_users_methotrexate,Calendar time,after_fda_retraction,duration,NA,numeric,q25,30,PHARMETRICS,DrugUtilisation_0.2.1_summariseDrugUse
Cohort name,new_users_methotrexate,Calendar time,after_fda_retraction,duration,NA,numeric,q75,192,PHARMETRICS,DrugUtilisation_0.2.1_summariseDrugUse
Cohort name,new_users_methotrexate,Calendar time,after_fda_retraction,duration,NA,numeric,mean,139.24049331963,PHARMETRICS,DrugUtilisation_0.2.1_summariseDrugUse
Cohort name,new_users_methotrexate,Calendar time,after_fda_retraction,duration,NA,numeric,sd,138.926175385244,PHARMETRICS,DrugUtilisation_0.2.1_summariseDrugUse
Cohort name,new_users_methotrexate,Calendar time,after_fda_retraction,initial_daily_dose,NA,numeric,median,2.14285714285714,PHARMETRICS,DrugUtilisation_0.2.1_summariseDrugUse
Cohort name,new_users_methotrexate,Calendar time,after_fda_retraction,initial_daily_dose,NA,numeric,q25,1.42857142857143,PHARMETRICS,DrugUtilisation_0.2.1_summariseDrugUse
Cohort name,new_users_methotrexate,Calendar time,after_fda_retraction,initial_daily_dose,NA,numeric,q75,2.85714285714286,PHARMETRICS,DrugUtilisation_0.2.1_summariseDrugUse
Cohort name,new_users_methotrexate,Calendar time,after_fda_retraction,initial_daily_dose,NA,numeric,mean,40.084570229036,PHARMETRICS,DrugUtilisation_0.2.1_summariseDrugUse
Cohort name,new_users_methotrexate,Calendar time,after_fda_retraction,initial_daily_dose,NA,numeric,sd,2727.99954994718,PHARMETRICS,DrugUtilisation_0.2.1_summariseDrugUse
Cohort name,new_users_methotrexate,Calendar time,after_fda_retraction,number_eras,NA,numeric,median,1,PHARMETRICS,DrugUtilisation_0.2.1_summariseDrugUse
Cohort name,new_users_methotrexate,Calendar time,after_fda_retraction,number_eras,NA,numeric,q25,1,PHARMETRICS,DrugUtilisation_0.2.1_summariseDrugUse
Cohort name,new_users_methotrexate,Calendar time,after_fda_retraction,number_eras,NA,numeric,q75,1,PHARMETRICS,DrugUtilisation_0.2.1_summariseDrugUse
Cohort name,new_users_methotrexate,Calendar time,after_fda_retraction,number_eras,NA,numeric,mean,1.00154162384378,PHARMETRICS,DrugUtilisation_0.2.1_summariseDrugUse
Cohort name,new_users_methotrexate,Calendar time,after_fda_retraction,number_eras,NA,numeric,sd,0.0428138346816752,PHARMETRICS,DrugUtilisation_0.2.1_summariseDrugUse
Cohort name,new_users_methotrexate,Calendar time,after_fda_retraction,number_exposures,NA,numeric,median,2,PHARMETRICS,DrugUtilisation_0.2.1_summariseDrugUse
Cohort name,new_users_methotrexate,Calendar time,after_fda_retraction,number_exposures,NA,numeric,q25,1,PHARMETRICS,DrugUtilisation_0.2.1_summariseDrugUse
Cohort name,new_users_methotrexate,Calendar time,after_fda_retraction,number_exposures,NA,numeric,q75,4,PHARMETRICS,DrugUtilisation_0.2.1_summariseDrugUse
Cohort name,new_users_methotrexate,Calendar time,after_fda_retraction,number_exposures,NA,numeric,mean,3.55388342387315,PHARMETRICS,DrugUtilisation_0.2.1_summariseDrugUse
Cohort name,new_users_methotrexate,Calendar time,after_fda_retraction,number_exposures,NA,numeric,sd,3.83159893486854,PHARMETRICS,DrugUtilisation_0.2.1_summariseDrugUse
Cohort name,new_users_methotrexate,Calendar time,before_pandemic,number subjects,NA,NA,count,18770,PHARMETRICS,DrugUtilisation_0.2.1_summariseDrugUse
Cohort name,new_users_methotrexate,Calendar time,before_pandemic,number records,NA,NA,count,18770,PHARMETRICS,DrugUtilisation_0.2.1_summariseDrugUse
Cohort name,new_users_methotrexate,Calendar time,before_pandemic,cumulative_dose,NA,numeric,median,240,PHARMETRICS,DrugUtilisation_0.2.1_summariseDrugUse
Cohort name,new_users_methotrexate,Calendar time,before_pandemic,cumulative_dose,NA,numeric,q25,94,PHARMETRICS,DrugUtilisation_0.2.1_summariseDrugUse
Cohort name,new_users_methotrexate,Calendar time,before_pandemic,cumulative_dose,NA,numeric,q75,600,PHARMETRICS,DrugUtilisation_0.2.1_summariseDrugUse
Cohort name,new_users_methotrexate,Calendar time,before_pandemic,cumulative_dose,NA,numeric,mean,501.766411544119,PHARMETRICS,DrugUtilisation_0.2.1_summariseDrugUse
Cohort name,new_users_methotrexate,Calendar time,before_pandemic,cumulative_dose,NA,numeric,sd,1077.14095589579,PHARMETRICS,DrugUtilisation_0.2.1_summariseDrugUse
Cohort name,new_users_methotrexate,Calendar time,before_pandemic,duration,NA,numeric,median,114,PHARMETRICS,DrugUtilisation_0.2.1_summariseDrugUse
Cohort name,new_users_methotrexate,Calendar time,before_pandemic,duration,NA,numeric,q25,41,PHARMETRICS,DrugUtilisation_0.2.1_summariseDrugUse
Cohort name,new_users_methotrexate,Calendar time,before_pandemic,duration,NA,numeric,q75,275,PHARMETRICS,DrugUtilisation_0.2.1_summariseDrugUse
Cohort name,new_users_methotrexate,Calendar time,before_pandemic,duration,NA,numeric,mean,213.349735449735,PHARMETRICS,DrugUtilisation_0.2.1_summariseDrugUse
Cohort name,new_users_methotrexate,Calendar time,before_pandemic,duration,NA,numeric,sd,254.180413842422,PHARMETRICS,DrugUtilisation_0.2.1_summariseDrugUse
Cohort name,new_users_methotrexate,Calendar time,before_pandemic,initial_daily_dose,NA,numeric,median,2.14285714285714,PHARMETRICS,DrugUtilisation_0.2.1_summariseDrugUse
Cohort name,new_users_methotrexate,Calendar time,before_pandemic,initial_daily_dose,NA,numeric,q25,1.42857142857143,PHARMETRICS,DrugUtilisation_0.2.1_summariseDrugUse
Cohort name,new_users_methotrexate,Calendar time,before_pandemic,initial_daily_dose,NA,numeric,q75,2.85714285714286,PHARMETRICS,DrugUtilisation_0.2.1_summariseDrugUse
Cohort name,new_users_methotrexate,Calendar time,before_pandemic,initial_daily_dose,NA,numeric,mean,13.4689965760437,PHARMETRICS,DrugUtilisation_0.2.1_summariseDrugUse
Cohort name,new_users_methotrexate,Calendar time,before_pandemic,initial_daily_dose,NA,numeric,sd,519.000299315776,PHARMETRICS,DrugUtilisation_0.2.1_summariseDrugUse
Cohort name,new_users_methotrexate,Calendar time,before_pandemic,number_eras,NA,numeric,median,1,PHARMETRICS,DrugUtilisation_0.2.1_summariseDrugUse
Cohort name,new_users_methotrexate,Calendar time,before_pandemic,number_eras,NA,numeric,q25,1,PHARMETRICS,DrugUtilisation_0.2.1_summariseDrugUse
Cohort name,new_users_methotrexate,Calendar time,before_pandemic,number_eras,NA,numeric,q75,1,PHARMETRICS,DrugUtilisation_0.2.1_summariseDrugUse
Cohort name,new_users_methotrexate,Calendar time,before_pandemic,number_eras,NA,numeric,mean,1.00188124632569,PHARMETRICS,DrugUtilisation_0.2.1_summariseDrugUse
Cohort name,new_users_methotrexate,Calendar time,before_pandemic,number_eras,NA,numeric,sd,0.0472289324143984,PHARMETRICS,DrugUtilisation_0.2.1_summariseDrugUse
Cohort name,new_users_methotrexate,Calendar time,before_pandemic,number_exposures,NA,numeric,median,3,PHARMETRICS,DrugUtilisation_0.2.1_summariseDrugUse
Cohort name,new_users_methotrexate,Calendar time,before_pandemic,number_exposures,NA,numeric,q25,1,PHARMETRICS,DrugUtilisation_0.2.1_summariseDrugUse
Cohort name,new_users_methotrexate,Calendar time,before_pandemic,number_exposures,NA,numeric,q75,6,PHARMETRICS,DrugUtilisation_0.2.1_summariseDrugUse
Cohort name,new_users_methotrexate,Calendar time,before_pandemic,number_exposures,NA,numeric,mean,5.28406819517931,PHARMETRICS,DrugUtilisation_0.2.1_summariseDrugUse
Cohort name,new_users_methotrexate,Calendar time,before_pandemic,number_exposures,NA,numeric,sd,6.88191635215414,PHARMETRICS,DrugUtilisation_0.2.1_summariseDrugUse
Cohort name,new_users_methotrexate,Calendar time,during_hcq_use_for_covid,number subjects,NA,NA,count,3521,PHARMETRICS,DrugUtilisation_0.2.1_summariseDrugUse
Cohort name,new_users_methotrexate,Calendar time,during_hcq_use_for_covid,number records,NA,NA,count,3521,PHARMETRICS,DrugUtilisation_0.2.1_summariseDrugUse
Cohort name,new_users_methotrexate,Calendar time,during_hcq_use_for_covid,cumulative_dose,NA,numeric,median,240,PHARMETRICS,DrugUtilisation_0.2.1_summariseDrugUse
Cohort name,new_users_methotrexate,Calendar time,during_hcq_use_for_covid,cumulative_dose,NA,numeric,q25,100,PHARMETRICS,DrugUtilisation_0.2.1_summariseDrugUse
Cohort name,new_users_methotrexate,Calendar time,during_hcq_use_for_covid,cumulative_dose,NA,numeric,q75,600,PHARMETRICS,DrugUtilisation_0.2.1_summariseDrugUse
Cohort name,new_users_methotrexate,Calendar time,during_hcq_use_for_covid,cumulative_dose,NA,numeric,mean,472.358875816439,PHARMETRICS,DrugUtilisation_0.2.1_summariseDrugUse
Cohort name,new_users_methotrexate,Calendar time,during_hcq_use_for_covid,cumulative_dose,NA,numeric,sd,698.922116318147,PHARMETRICS,DrugUtilisation_0.2.1_summariseDrugUse
Cohort name,new_users_methotrexate,Calendar time,during_hcq_use_for_covid,duration,NA,numeric,median,103,PHARMETRICS,DrugUtilisation_0.2.1_summariseDrugUse
Cohort name,new_users_methotrexate,Calendar time,during_hcq_use_for_covid,duration,NA,numeric,q25,52,PHARMETRICS,DrugUtilisation_0.2.1_summariseDrugUse
Cohort name,new_users_methotrexate,Calendar time,during_hcq_use_for_covid,duration,NA,numeric,q75,268,PHARMETRICS,DrugUtilisation_0.2.1_summariseDrugUse
Cohort name,new_users_methotrexate,Calendar time,during_hcq_use_for_covid,duration,NA,numeric,mean,199.381364073007,PHARMETRICS,DrugUtilisation_0.2.1_summariseDrugUse
Cohort name,new_users_methotrexate,Calendar time,during_hcq_use_for_covid,duration,NA,numeric,sd,214.928607841614,PHARMETRICS,DrugUtilisation_0.2.1_summariseDrugUse
Cohort name,new_users_methotrexate,Calendar time,during_hcq_use_for_covid,initial_daily_dose,NA,numeric,median,2.14285714285714,PHARMETRICS,DrugUtilisation_0.2.1_summariseDrugUse
Cohort name,new_users_methotrexate,Calendar time,during_hcq_use_for_covid,initial_daily_dose,NA,numeric,q25,1.48148148148148,PHARMETRICS,DrugUtilisation_0.2.1_summariseDrugUse
Cohort name,new_users_methotrexate,Calendar time,during_hcq_use_for_covid,initial_daily_dose,NA,numeric,q75,2.85714285714286,PHARMETRICS,DrugUtilisation_0.2.1_summariseDrugUse
Cohort name,new_users_methotrexate,Calendar time,during_hcq_use_for_covid,initial_daily_dose,NA,numeric,mean,9.65871240042481,PHARMETRICS,DrugUtilisation_0.2.1_summariseDrugUse
Cohort name,new_users_methotrexate,Calendar time,during_hcq_use_for_covid,initial_daily_dose,NA,numeric,sd,48.3234969499691,PHARMETRICS,DrugUtilisation_0.2.1_summariseDrugUse
Cohort name,new_users_methotrexate,Calendar time,during_hcq_use_for_covid,number_eras,NA,numeric,median,1,PHARMETRICS,DrugUtilisation_0.2.1_summariseDrugUse
Cohort name,new_users_methotrexate,Calendar time,during_hcq_use_for_covid,number_eras,NA,numeric,q25,1,PHARMETRICS,DrugUtilisation_0.2.1_summariseDrugUse
Cohort name,new_users_methotrexate,Calendar time,during_hcq_use_for_covid,number_eras,NA,numeric,q75,1,PHARMETRICS,DrugUtilisation_0.2.1_summariseDrugUse
Cohort name,new_users_methotrexate,Calendar time,during_hcq_use_for_covid,number_eras,NA,numeric,mean,1.00256163944925,PHARMETRICS,DrugUtilisation_0.2.1_summariseDrugUse
Cohort name,new_users_methotrexate,Calendar time,during_hcq_use_for_covid,number_eras,NA,numeric,sd,0.126525928810046,PHARMETRICS,DrugUtilisation_0.2.1_summariseDrugUse
Cohort name,new_users_methotrexate,Calendar time,during_hcq_use_for_covid,number_exposures,NA,numeric,median,3,PHARMETRICS,DrugUtilisation_0.2.1_summariseDrugUse
Cohort name,new_users_methotrexate,Calendar time,during_hcq_use_for_covid,number_exposures,NA,numeric,q25,1,PHARMETRICS,DrugUtilisation_0.2.1_summariseDrugUse
Cohort name,new_users_methotrexate,Calendar time,during_hcq_use_for_covid,number_exposures,NA,numeric,q75,6,PHARMETRICS,DrugUtilisation_0.2.1_summariseDrugUse
Cohort name,new_users_methotrexate,Calendar time,during_hcq_use_for_covid,number_exposures,NA,numeric,mean,4.80531540185719,PHARMETRICS,DrugUtilisation_0.2.1_summariseDrugUse
Cohort name,new_users_methotrexate,Calendar time,during_hcq_use_for_covid,number_exposures,NA,numeric,sd,5.52333677442759,PHARMETRICS,DrugUtilisation_0.2.1_summariseDrugUse
Cohort name,new_users_methotrexate,Indication,covid,number subjects,NA,NA,count,99,PHARMETRICS,DrugUtilisation_0.2.1_summariseDrugUse
Cohort name,new_users_methotrexate,Indication,covid,number records,NA,NA,count,99,PHARMETRICS,DrugUtilisation_0.2.1_summariseDrugUse
Cohort name,new_users_methotrexate,Indication,covid,cumulative_dose,NA,numeric,median,150,PHARMETRICS,DrugUtilisation_0.2.1_summariseDrugUse
Cohort name,new_users_methotrexate,Indication,covid,cumulative_dose,NA,numeric,q25,54.375,PHARMETRICS,DrugUtilisation_0.2.1_summariseDrugUse
Cohort name,new_users_methotrexate,Indication,covid,cumulative_dose,NA,numeric,q75,306.25,PHARMETRICS,DrugUtilisation_0.2.1_summariseDrugUse
Cohort name,new_users_methotrexate,Indication,covid,cumulative_dose,NA,numeric,mean,269.772486772487,PHARMETRICS,DrugUtilisation_0.2.1_summariseDrugUse
Cohort name,new_users_methotrexate,Indication,covid,cumulative_dose,NA,numeric,sd,347.649627075269,PHARMETRICS,DrugUtilisation_0.2.1_summariseDrugUse
Cohort name,new_users_methotrexate,Indication,covid,duration,NA,numeric,median,65.5,PHARMETRICS,DrugUtilisation_0.2.1_summariseDrugUse
Cohort name,new_users_methotrexate,Indication,covid,duration,NA,numeric,q25,19.75,PHARMETRICS,DrugUtilisation_0.2.1_summariseDrugUse
Cohort name,new_users_methotrexate,Indication,covid,duration,NA,numeric,q75,124.75,PHARMETRICS,DrugUtilisation_0.2.1_summariseDrugUse
Cohort name,new_users_methotrexate,Indication,covid,duration,NA,numeric,mean,113.566666666667,PHARMETRICS,DrugUtilisation_0.2.1_summariseDrugUse
Cohort name,new_users_methotrexate,Indication,covid,duration,NA,numeric,sd,142.632004697561,PHARMETRICS,DrugUtilisation_0.2.1_summariseDrugUse
Cohort name,new_users_methotrexate,Indication,covid,initial_daily_dose,NA,numeric,median,2.36111111111111,PHARMETRICS,DrugUtilisation_0.2.1_summariseDrugUse
Cohort name,new_users_methotrexate,Indication,covid,initial_daily_dose,NA,numeric,q25,1.78571428571429,PHARMETRICS,DrugUtilisation_0.2.1_summariseDrugUse
Cohort name,new_users_methotrexate,Indication,covid,initial_daily_dose,NA,numeric,q75,7.01388888888889,PHARMETRICS,DrugUtilisation_0.2.1_summariseDrugUse
Cohort name,new_users_methotrexate,Indication,covid,initial_daily_dose,NA,numeric,mean,11.8548661756995,PHARMETRICS,DrugUtilisation_0.2.1_summariseDrugUse
Cohort name,new_users_methotrexate,Indication,covid,initial_daily_dose,NA,numeric,sd,25.0096841210064,PHARMETRICS,DrugUtilisation_0.2.1_summariseDrugUse
Cohort name,new_users_methotrexate,Indication,covid,number_eras,NA,numeric,median,1,PHARMETRICS,DrugUtilisation_0.2.1_summariseDrugUse
Cohort name,new_users_methotrexate,Indication,covid,number_eras,NA,numeric,q25,1,PHARMETRICS,DrugUtilisation_0.2.1_summariseDrugUse
Cohort name,new_users_methotrexate,Indication,covid,number_eras,NA,numeric,q75,1,PHARMETRICS,DrugUtilisation_0.2.1_summariseDrugUse
Cohort name,new_users_methotrexate,Indication,covid,number_eras,NA,numeric,mean,1.01111111111111,PHARMETRICS,DrugUtilisation_0.2.1_summariseDrugUse
Cohort name,new_users_methotrexate,Indication,covid,number_eras,NA,numeric,sd,0.105409255338946,PHARMETRICS,DrugUtilisation_0.2.1_summariseDrugUse
Cohort name,new_users_methotrexate,Indication,covid,number_exposures,NA,numeric,median,2,PHARMETRICS,DrugUtilisation_0.2.1_summariseDrugUse
Cohort name,new_users_methotrexate,Indication,covid,number_exposures,NA,numeric,q25,1,PHARMETRICS,DrugUtilisation_0.2.1_summariseDrugUse
Cohort name,new_users_methotrexate,Indication,covid,number_exposures,NA,numeric,q75,3,PHARMETRICS,DrugUtilisation_0.2.1_summariseDrugUse
Cohort name,new_users_methotrexate,Indication,covid,number_exposures,NA,numeric,mean,3.55555555555556,PHARMETRICS,DrugUtilisation_0.2.1_summariseDrugUse
Cohort name,new_users_methotrexate,Indication,covid,number_exposures,NA,numeric,sd,4.35015461719559,PHARMETRICS,DrugUtilisation_0.2.1_summariseDrugUse
Cohort name,new_users_methotrexate,Indication,malaria,number subjects,NA,NA,count,NA,PHARMETRICS,DrugUtilisation_0.2.1_summariseDrugUse
Cohort name,new_users_methotrexate,Indication,malaria,number records,NA,NA,count,NA,PHARMETRICS,DrugUtilisation_0.2.1_summariseDrugUse
Cohort name,new_users_methotrexate,Indication,malaria,cumulative_dose,NA,numeric,median,NA,PHARMETRICS,DrugUtilisation_0.2.1_summariseDrugUse
Cohort name,new_users_methotrexate,Indication,malaria,cumulative_dose,NA,numeric,q25,NA,PHARMETRICS,DrugUtilisation_0.2.1_summariseDrugUse
Cohort name,new_users_methotrexate,Indication,malaria,cumulative_dose,NA,numeric,q75,NA,PHARMETRICS,DrugUtilisation_0.2.1_summariseDrugUse
Cohort name,new_users_methotrexate,Indication,malaria,cumulative_dose,NA,numeric,mean,NA,PHARMETRICS,DrugUtilisation_0.2.1_summariseDrugUse
Cohort name,new_users_methotrexate,Indication,malaria,cumulative_dose,NA,numeric,sd,NA,PHARMETRICS,DrugUtilisation_0.2.1_summariseDrugUse
Cohort name,new_users_methotrexate,Indication,malaria,duration,NA,numeric,median,NA,PHARMETRICS,DrugUtilisation_0.2.1_summariseDrugUse
Cohort name,new_users_methotrexate,Indication,malaria,duration,NA,numeric,q25,NA,PHARMETRICS,DrugUtilisation_0.2.1_summariseDrugUse
Cohort name,new_users_methotrexate,Indication,malaria,duration,NA,numeric,q75,NA,PHARMETRICS,DrugUtilisation_0.2.1_summariseDrugUse
Cohort name,new_users_methotrexate,Indication,malaria,duration,NA,numeric,mean,NA,PHARMETRICS,DrugUtilisation_0.2.1_summariseDrugUse
Cohort name,new_users_methotrexate,Indication,malaria,duration,NA,numeric,sd,NA,PHARMETRICS,DrugUtilisation_0.2.1_summariseDrugUse
Cohort name,new_users_methotrexate,Indication,malaria,initial_daily_dose,NA,numeric,median,NA,PHARMETRICS,DrugUtilisation_0.2.1_summariseDrugUse
Cohort name,new_users_methotrexate,Indication,malaria,initial_daily_dose,NA,numeric,q25,NA,PHARMETRICS,DrugUtilisation_0.2.1_summariseDrugUse
Cohort name,new_users_methotrexate,Indication,malaria,initial_daily_dose,NA,numeric,q75,NA,PHARMETRICS,DrugUtilisation_0.2.1_summariseDrugUse
Cohort name,new_users_methotrexate,Indication,malaria,initial_daily_dose,NA,numeric,mean,NA,PHARMETRICS,DrugUtilisation_0.2.1_summariseDrugUse
Cohort name,new_users_methotrexate,Indication,malaria,initial_daily_dose,NA,numeric,sd,NA,PHARMETRICS,DrugUtilisation_0.2.1_summariseDrugUse
Cohort name,new_users_methotrexate,Indication,malaria,number_eras,NA,numeric,median,NA,PHARMETRICS,DrugUtilisation_0.2.1_summariseDrugUse
Cohort name,new_users_methotrexate,Indication,malaria,number_eras,NA,numeric,q25,NA,PHARMETRICS,DrugUtilisation_0.2.1_summariseDrugUse
Cohort name,new_users_methotrexate,Indication,malaria,number_eras,NA,numeric,q75,NA,PHARMETRICS,DrugUtilisation_0.2.1_summariseDrugUse
Cohort name,new_users_methotrexate,Indication,malaria,number_eras,NA,numeric,mean,NA,PHARMETRICS,DrugUtilisation_0.2.1_summariseDrugUse
Cohort name,new_users_methotrexate,Indication,malaria,number_eras,NA,numeric,sd,NA,PHARMETRICS,DrugUtilisation_0.2.1_summariseDrugUse
Cohort name,new_users_methotrexate,Indication,malaria,number_exposures,NA,numeric,median,NA,PHARMETRICS,DrugUtilisation_0.2.1_summariseDrugUse
Cohort name,new_users_methotrexate,Indication,malaria,number_exposures,NA,numeric,q25,NA,PHARMETRICS,DrugUtilisation_0.2.1_summariseDrugUse
Cohort name,new_users_methotrexate,Indication,malaria,number_exposures,NA,numeric,q75,NA,PHARMETRICS,DrugUtilisation_0.2.1_summariseDrugUse
Cohort name,new_users_methotrexate,Indication,malaria,number_exposures,NA,numeric,mean,NA,PHARMETRICS,DrugUtilisation_0.2.1_summariseDrugUse
Cohort name,new_users_methotrexate,Indication,malaria,number_exposures,NA,numeric,sd,NA,PHARMETRICS,DrugUtilisation_0.2.1_summariseDrugUse
Cohort name,new_users_methotrexate,Indication,multiple,number subjects,NA,NA,count,101,PHARMETRICS,DrugUtilisation_0.2.1_summariseDrugUse
Cohort name,new_users_methotrexate,Indication,multiple,number records,NA,NA,count,101,PHARMETRICS,DrugUtilisation_0.2.1_summariseDrugUse
Cohort name,new_users_methotrexate,Indication,multiple,cumulative_dose,NA,numeric,median,180,PHARMETRICS,DrugUtilisation_0.2.1_summariseDrugUse
Cohort name,new_users_methotrexate,Indication,multiple,cumulative_dose,NA,numeric,q25,80,PHARMETRICS,DrugUtilisation_0.2.1_summariseDrugUse
Cohort name,new_users_methotrexate,Indication,multiple,cumulative_dose,NA,numeric,q75,367.5,PHARMETRICS,DrugUtilisation_0.2.1_summariseDrugUse
Cohort name,new_users_methotrexate,Indication,multiple,cumulative_dose,NA,numeric,mean,297.776915113872,PHARMETRICS,DrugUtilisation_0.2.1_summariseDrugUse
Cohort name,new_users_methotrexate,Indication,multiple,cumulative_dose,NA,numeric,sd,326.932286092219,PHARMETRICS,DrugUtilisation_0.2.1_summariseDrugUse
Cohort name,new_users_methotrexate,Indication,multiple,duration,NA,numeric,median,84,PHARMETRICS,DrugUtilisation_0.2.1_summariseDrugUse
Cohort name,new_users_methotrexate,Indication,multiple,duration,NA,numeric,q25,35,PHARMETRICS,DrugUtilisation_0.2.1_summariseDrugUse
Cohort name,new_users_methotrexate,Indication,multiple,duration,NA,numeric,q75,196.25,PHARMETRICS,DrugUtilisation_0.2.1_summariseDrugUse
Cohort name,new_users_methotrexate,Indication,multiple,duration,NA,numeric,mean,132.826086956522,PHARMETRICS,DrugUtilisation_0.2.1_summariseDrugUse
Cohort name,new_users_methotrexate,Indication,multiple,duration,NA,numeric,sd,124.652978409174,PHARMETRICS,DrugUtilisation_0.2.1_summariseDrugUse
Cohort name,new_users_methotrexate,Indication,multiple,initial_daily_dose,NA,numeric,median,2.14285714285714,PHARMETRICS,DrugUtilisation_0.2.1_summariseDrugUse
Cohort name,new_users_methotrexate,Indication,multiple,initial_daily_dose,NA,numeric,q25,1.70073149741824,PHARMETRICS,DrugUtilisation_0.2.1_summariseDrugUse
Cohort name,new_users_methotrexate,Indication,multiple,initial_daily_dose,NA,numeric,q75,2.85714285714286,PHARMETRICS,DrugUtilisation_0.2.1_summariseDrugUse
Cohort name,new_users_methotrexate,Indication,multiple,initial_daily_dose,NA,numeric,mean,2.26891218257681,PHARMETRICS,DrugUtilisation_0.2.1_summariseDrugUse
Cohort name,new_users_methotrexate,Indication,multiple,initial_daily_dose,NA,numeric,sd,1.16826977241339,PHARMETRICS,DrugUtilisation_0.2.1_summariseDrugUse
Cohort name,new_users_methotrexate,Indication,multiple,number_eras,NA,numeric,median,1,PHARMETRICS,DrugUtilisation_0.2.1_summariseDrugUse
Cohort name,new_users_methotrexate,Indication,multiple,number_eras,NA,numeric,q25,1,PHARMETRICS,DrugUtilisation_0.2.1_summariseDrugUse
Cohort name,new_users_methotrexate,Indication,multiple,number_eras,NA,numeric,q75,1,PHARMETRICS,DrugUtilisation_0.2.1_summariseDrugUse
Cohort name,new_users_methotrexate,Indication,multiple,number_eras,NA,numeric,mean,1,PHARMETRICS,DrugUtilisation_0.2.1_summariseDrugUse
Cohort name,new_users_methotrexate,Indication,multiple,number_eras,NA,numeric,sd,0,PHARMETRICS,DrugUtilisation_0.2.1_summariseDrugUse
Cohort name,new_users_methotrexate,Indication,multiple,number_exposures,NA,numeric,median,2,PHARMETRICS,DrugUtilisation_0.2.1_summariseDrugUse
Cohort name,new_users_methotrexate,Indication,multiple,number_exposures,NA,numeric,q25,1,PHARMETRICS,DrugUtilisation_0.2.1_summariseDrugUse
Cohort name,new_users_methotrexate,Indication,multiple,number_exposures,NA,numeric,q75,3,PHARMETRICS,DrugUtilisation_0.2.1_summariseDrugUse
Cohort name,new_users_methotrexate,Indication,multiple,number_exposures,NA,numeric,mean,3.03260869565217,PHARMETRICS,DrugUtilisation_0.2.1_summariseDrugUse
Cohort name,new_users_methotrexate,Indication,multiple,number_exposures,NA,numeric,sd,3.56247563926592,PHARMETRICS,DrugUtilisation_0.2.1_summariseDrugUse
Cohort name,new_users_methotrexate,Indication,none,number subjects,NA,NA,count,18218,PHARMETRICS,DrugUtilisation_0.2.1_summariseDrugUse
Cohort name,new_users_methotrexate,Indication,none,number records,NA,NA,count,18218,PHARMETRICS,DrugUtilisation_0.2.1_summariseDrugUse
Cohort name,new_users_methotrexate,Indication,none,cumulative_dose,NA,numeric,median,180,PHARMETRICS,DrugUtilisation_0.2.1_summariseDrugUse
Cohort name,new_users_methotrexate,Indication,none,cumulative_dose,NA,numeric,q25,80,PHARMETRICS,DrugUtilisation_0.2.1_summariseDrugUse
Cohort name,new_users_methotrexate,Indication,none,cumulative_dose,NA,numeric,q75,435,PHARMETRICS,DrugUtilisation_0.2.1_summariseDrugUse
Cohort name,new_users_methotrexate,Indication,none,cumulative_dose,NA,numeric,mean,409.051714856887,PHARMETRICS,DrugUtilisation_0.2.1_summariseDrugUse
Cohort name,new_users_methotrexate,Indication,none,cumulative_dose,NA,numeric,sd,2746.93366655143,PHARMETRICS,DrugUtilisation_0.2.1_summariseDrugUse
Cohort name,new_users_methotrexate,Indication,none,duration,NA,numeric,median,84,PHARMETRICS,DrugUtilisation_0.2.1_summariseDrugUse
Cohort name,new_users_methotrexate,Indication,none,duration,NA,numeric,q25,28,PHARMETRICS,DrugUtilisation_0.2.1_summariseDrugUse
Cohort name,new_users_methotrexate,Indication,none,duration,NA,numeric,q75,193,PHARMETRICS,DrugUtilisation_0.2.1_summariseDrugUse
Cohort name,new_users_methotrexate,Indication,none,duration,NA,numeric,mean,154.039694472845,PHARMETRICS,DrugUtilisation_0.2.1_summariseDrugUse
Cohort name,new_users_methotrexate,Indication,none,duration,NA,numeric,sd,195.434021456221,PHARMETRICS,DrugUtilisation_0.2.1_summariseDrugUse
Cohort name,new_users_methotrexate,Indication,none,initial_daily_dose,NA,numeric,median,2.14285714285714,PHARMETRICS,DrugUtilisation_0.2.1_summariseDrugUse
Cohort name,new_users_methotrexate,Indication,none,initial_daily_dose,NA,numeric,q25,1.42857142857143,PHARMETRICS,DrugUtilisation_0.2.1_summariseDrugUse
Cohort name,new_users_methotrexate,Indication,none,initial_daily_dose,NA,numeric,q75,2.85714285714286,PHARMETRICS,DrugUtilisation_0.2.1_summariseDrugUse
Cohort name,new_users_methotrexate,Indication,none,initial_daily_dose,NA,numeric,mean,45.1635983456847,PHARMETRICS,DrugUtilisation_0.2.1_summariseDrugUse
Cohort name,new_users_methotrexate,Indication,none,initial_daily_dose,NA,numeric,sd,2524.12809228372,PHARMETRICS,DrugUtilisation_0.2.1_summariseDrugUse
Cohort name,new_users_methotrexate,Indication,none,number_eras,NA,numeric,median,1,PHARMETRICS,DrugUtilisation_0.2.1_summariseDrugUse
Cohort name,new_users_methotrexate,Indication,none,number_eras,NA,numeric,q25,1,PHARMETRICS,DrugUtilisation_0.2.1_summariseDrugUse
Cohort name,new_users_methotrexate,Indication,none,number_eras,NA,numeric,q75,1,PHARMETRICS,DrugUtilisation_0.2.1_summariseDrugUse
Cohort name,new_users_methotrexate,Indication,none,number_eras,NA,numeric,mean,1.00246586876767,PHARMETRICS,DrugUtilisation_0.2.1_summariseDrugUse
Cohort name,new_users_methotrexate,Indication,none,number_eras,NA,numeric,sd,0.0739410177889377,PHARMETRICS,DrugUtilisation_0.2.1_summariseDrugUse
Cohort name,new_users_methotrexate,Indication,none,number_exposures,NA,numeric,median,2,PHARMETRICS,DrugUtilisation_0.2.1_summariseDrugUse
Cohort name,new_users_methotrexate,Indication,none,number_exposures,NA,numeric,q25,1,PHARMETRICS,DrugUtilisation_0.2.1_summariseDrugUse
Cohort name,new_users_methotrexate,Indication,none,number_exposures,NA,numeric,q75,5,PHARMETRICS,DrugUtilisation_0.2.1_summariseDrugUse
Cohort name,new_users_methotrexate,Indication,none,number_exposures,NA,numeric,mean,4.24261742948217,PHARMETRICS,DrugUtilisation_0.2.1_summariseDrugUse
Cohort name,new_users_methotrexate,Indication,none,number_exposures,NA,numeric,sd,5.41758723889207,PHARMETRICS,DrugUtilisation_0.2.1_summariseDrugUse
Cohort name,new_users_methotrexate,Indication,rheumatoid_arthritis,number subjects,NA,NA,count,19078,PHARMETRICS,DrugUtilisation_0.2.1_summariseDrugUse
Cohort name,new_users_methotrexate,Indication,rheumatoid_arthritis,number records,NA,NA,count,19078,PHARMETRICS,DrugUtilisation_0.2.1_summariseDrugUse
Cohort name,new_users_methotrexate,Indication,rheumatoid_arthritis,cumulative_dose,NA,numeric,median,260,PHARMETRICS,DrugUtilisation_0.2.1_summariseDrugUse
Cohort name,new_users_methotrexate,Indication,rheumatoid_arthritis,cumulative_dose,NA,numeric,q25,120,PHARMETRICS,DrugUtilisation_0.2.1_summariseDrugUse
Cohort name,new_users_methotrexate,Indication,rheumatoid_arthritis,cumulative_dose,NA,numeric,q75,610,PHARMETRICS,DrugUtilisation_0.2.1_summariseDrugUse
Cohort name,new_users_methotrexate,Indication,rheumatoid_arthritis,cumulative_dose,NA,numeric,mean,478.404826300155,PHARMETRICS,DrugUtilisation_0.2.1_summariseDrugUse
Cohort name,new_users_methotrexate,Indication,rheumatoid_arthritis,cumulative_dose,NA,numeric,sd,589.607231075182,PHARMETRICS,DrugUtilisation_0.2.1_summariseDrugUse
Cohort name,new_users_methotrexate,Indication,rheumatoid_arthritis,duration,NA,numeric,median,123,PHARMETRICS,DrugUtilisation_0.2.1_summariseDrugUse
Cohort name,new_users_methotrexate,Indication,rheumatoid_arthritis,duration,NA,numeric,q25,59,PHARMETRICS,DrugUtilisation_0.2.1_summariseDrugUse
Cohort name,new_users_methotrexate,Indication,rheumatoid_arthritis,duration,NA,numeric,q75,278,PHARMETRICS,DrugUtilisation_0.2.1_summariseDrugUse
Cohort name,new_users_methotrexate,Indication,rheumatoid_arthritis,duration,NA,numeric,mean,210.363056948953,PHARMETRICS,DrugUtilisation_0.2.1_summariseDrugUse
Cohort name,new_users_methotrexate,Indication,rheumatoid_arthritis,duration,NA,numeric,sd,228.29122085601,PHARMETRICS,DrugUtilisation_0.2.1_summariseDrugUse
Cohort name,new_users_methotrexate,Indication,rheumatoid_arthritis,initial_daily_dose,NA,numeric,median,2.14285714285714,PHARMETRICS,DrugUtilisation_0.2.1_summariseDrugUse
Cohort name,new_users_methotrexate,Indication,rheumatoid_arthritis,initial_daily_dose,NA,numeric,q25,1.44444444444444,PHARMETRICS,DrugUtilisation_0.2.1_summariseDrugUse
Cohort name,new_users_methotrexate,Indication,rheumatoid_arthritis,initial_daily_dose,NA,numeric,q75,2.85714285714286,PHARMETRICS,DrugUtilisation_0.2.1_summariseDrugUse
Cohort name,new_users_methotrexate,Indication,rheumatoid_arthritis,initial_daily_dose,NA,numeric,mean,3.13319015910752,PHARMETRICS,DrugUtilisation_0.2.1_summariseDrugUse
Cohort name,new_users_methotrexate,Indication,rheumatoid_arthritis,initial_daily_dose,NA,numeric,sd,33.7100385534896,PHARMETRICS,DrugUtilisation_0.2.1_summariseDrugUse
Cohort name,new_users_methotrexate,Indication,rheumatoid_arthritis,number_eras,NA,numeric,median,1,PHARMETRICS,DrugUtilisation_0.2.1_summariseDrugUse
Cohort name,new_users_methotrexate,Indication,rheumatoid_arthritis,number_eras,NA,numeric,q25,1,PHARMETRICS,DrugUtilisation_0.2.1_summariseDrugUse
Cohort name,new_users_methotrexate,Indication,rheumatoid_arthritis,number_eras,NA,numeric,q75,1,PHARMETRICS,DrugUtilisation_0.2.1_summariseDrugUse
Cohort name,new_users_methotrexate,Indication,rheumatoid_arthritis,number_eras,NA,numeric,mean,1.0011212747123,PHARMETRICS,DrugUtilisation_0.2.1_summariseDrugUse
Cohort name,new_users_methotrexate,Indication,rheumatoid_arthritis,number_eras,NA,numeric,sd,0.0351869214248287,PHARMETRICS,DrugUtilisation_0.2.1_summariseDrugUse
Cohort name,new_users_methotrexate,Indication,rheumatoid_arthritis,number_exposures,NA,numeric,median,3,PHARMETRICS,DrugUtilisation_0.2.1_summariseDrugUse
Cohort name,new_users_methotrexate,Indication,rheumatoid_arthritis,number_exposures,NA,numeric,q25,1,PHARMETRICS,DrugUtilisation_0.2.1_summariseDrugUse
Cohort name,new_users_methotrexate,Indication,rheumatoid_arthritis,number_exposures,NA,numeric,q75,6,PHARMETRICS,DrugUtilisation_0.2.1_summariseDrugUse
Cohort name,new_users_methotrexate,Indication,rheumatoid_arthritis,number_exposures,NA,numeric,mean,4.84815579817055,PHARMETRICS,DrugUtilisation_0.2.1_summariseDrugUse
Cohort name,new_users_methotrexate,Indication,rheumatoid_arthritis,number_exposures,NA,numeric,sd,6.09503498107145,PHARMETRICS,DrugUtilisation_0.2.1_summariseDrugUse
Cohort name,new_users_methotrexate,Overall,Overall,number subjects,NA,NA,count,37497,PHARMETRICS,DrugUtilisation_0.2.1_summariseDrugUse
Cohort name,new_users_methotrexate,Overall,Overall,number records,NA,NA,count,37497,PHARMETRICS,DrugUtilisation_0.2.1_summariseDrugUse
Cohort name,new_users_methotrexate,Overall,Overall,cumulative_dose,NA,numeric,median,225,PHARMETRICS,DrugUtilisation_0.2.1_summariseDrugUse
Cohort name,new_users_methotrexate,Overall,Overall,cumulative_dose,NA,numeric,q25,90,PHARMETRICS,DrugUtilisation_0.2.1_summariseDrugUse
Cohort name,new_users_methotrexate,Overall,Overall,cumulative_dose,NA,numeric,q75,525,PHARMETRICS,DrugUtilisation_0.2.1_summariseDrugUse
Cohort name,new_users_methotrexate,Overall,Overall,cumulative_dose,NA,numeric,mean,443.186421110401,PHARMETRICS,DrugUtilisation_0.2.1_summariseDrugUse
Cohort name,new_users_methotrexate,Overall,Overall,cumulative_dose,NA,numeric,sd,1973.1099729718,PHARMETRICS,DrugUtilisation_0.2.1_summariseDrugUse
Cohort name,new_users_methotrexate,Overall,Overall,duration,NA,numeric,median,95,PHARMETRICS,DrugUtilisation_0.2.1_summariseDrugUse
Cohort name,new_users_methotrexate,Overall,Overall,duration,NA,numeric,q25,35,PHARMETRICS,DrugUtilisation_0.2.1_summariseDrugUse
Cohort name,new_users_methotrexate,Overall,Overall,duration,NA,numeric,q75,239,PHARMETRICS,DrugUtilisation_0.2.1_summariseDrugUse
Cohort name,new_users_methotrexate,Overall,Overall,duration,NA,numeric,mean,182.150229595615,PHARMETRICS,DrugUtilisation_0.2.1_summariseDrugUse
Cohort name,new_users_methotrexate,Overall,Overall,duration,NA,numeric,sd,214.193090213697,PHARMETRICS,DrugUtilisation_0.2.1_summariseDrugUse
Cohort name,new_users_methotrexate,Overall,Overall,initial_daily_dose,NA,numeric,median,2.14285714285714,PHARMETRICS,DrugUtilisation_0.2.1_summariseDrugUse
Cohort name,new_users_methotrexate,Overall,Overall,initial_daily_dose,NA,numeric,q25,1.42857142857143,PHARMETRICS,DrugUtilisation_0.2.1_summariseDrugUse
Cohort name,new_users_methotrexate,Overall,Overall,initial_daily_dose,NA,numeric,q75,2.85714285714286,PHARMETRICS,DrugUtilisation_0.2.1_summariseDrugUse
Cohort name,new_users_methotrexate,Overall,Overall,initial_daily_dose,NA,numeric,mean,23.8573191007246,PHARMETRICS,DrugUtilisation_0.2.1_summariseDrugUse
Cohort name,new_users_methotrexate,Overall,Overall,initial_daily_dose,NA,numeric,sd,1771.79200183827,PHARMETRICS,DrugUtilisation_0.2.1_summariseDrugUse
Cohort name,new_users_methotrexate,Overall,Overall,number_eras,NA,numeric,median,1,PHARMETRICS,DrugUtilisation_0.2.1_summariseDrugUse
Cohort name,new_users_methotrexate,Overall,Overall,number_eras,NA,numeric,q25,1,PHARMETRICS,DrugUtilisation_0.2.1_summariseDrugUse
Cohort name,new_users_methotrexate,Overall,Overall,number_eras,NA,numeric,q75,1,PHARMETRICS,DrugUtilisation_0.2.1_summariseDrugUse
Cohort name,new_users_methotrexate,Overall,Overall,number_eras,NA,numeric,mean,1.00180713968301,PHARMETRICS,DrugUtilisation_0.2.1_summariseDrugUse
Cohort name,new_users_methotrexate,Overall,Overall,number_eras,NA,numeric,sd,0.0578315271026884,PHARMETRICS,DrugUtilisation_0.2.1_summariseDrugUse
Cohort name,new_users_methotrexate,Overall,Overall,number_exposures,NA,numeric,median,3,PHARMETRICS,DrugUtilisation_0.2.1_summariseDrugUse
Cohort name,new_users_methotrexate,Overall,Overall,number_exposures,NA,numeric,q25,1,PHARMETRICS,DrugUtilisation_0.2.1_summariseDrugUse
Cohort name,new_users_methotrexate,Overall,Overall,number_exposures,NA,numeric,q75,6,PHARMETRICS,DrugUtilisation_0.2.1_summariseDrugUse
Cohort name,new_users_methotrexate,Overall,Overall,number_exposures,NA,numeric,mean,4.54154940008888,PHARMETRICS,DrugUtilisation_0.2.1_summariseDrugUse
Cohort name,new_users_methotrexate,Overall,Overall,number_exposures,NA,numeric,sd,5.76971741630416,PHARMETRICS,DrugUtilisation_0.2.1_summariseDrugUse
